Degree,Branch,CGPA,Internships,Projects,Coding_Skills,Aptitude_Test_Score,Certifications,Backlogs,Placement_Status
Cử nhân CNTT,Công nghệ phần mềm,7.85,1,3,7,75,1,0,Placed
Sư phạm Tin học,Khoa học máy tính,8.2,0,2,6,80,0,0,Placed
Cử nhân CNTT,Hệ thống thông tin,6.15,0,1,4,50,0,2,Not Placed
Cử nhân CNTT,Công nghệ phần mềm,7.4,2,4,8,85,2,0,Placed
Sư phạm Tin học,Công nghệ phần mềm,6.95,1,2,5,60,1,1,Not Placed
Cử nhân CNTT,Khoa học máy tính,8.5,1,3,9,90,2,0,Placed
Cử nhân CNTT,Hệ thống thông tin,7.1,1,2,6,68,1,0,Placed
Sư phạm Tin học,Hệ thống thông tin,7.35,0,2,5,72,0,0,Placed
Cử nhân CNTT,Công nghệ phần mềm,5.8,0,1,3,45,0,3,Not Placed
Cử nhân CNTT,Khoa học máy tính,7.65,2,3,7,78,1,0,Placed
Cử nhân CNTT,Công nghệ phần mềm,8.12,2,3,8,82,1,0,Placed
Sư phạm Tin học,Hệ thống thông tin,7.45,1,2,6,70,0,0,Placed
Cử nhân CNTT,Khoa học máy tính,6.34,0,2,4,55,1,1,Not Placed
Cử nhân CNTT,Công nghệ phần mềm,7.89,1,4,7,79,2,0,Placed
Sư phạm Tin học,Khoa học máy tính,6.72,0,1,5,62,0,1,Not Placed
Cử nhân CNTT,Hệ thống thông tin,7.56,1,3,7,74,1,0,Placed
Cử nhân CNTT,Công nghệ phần mềm,8.84,2,4,9,92,3,0,Placed
Sư phạm Tin học,Công nghệ phần mềm,7.15,1,2,6,69,1,0,Placed
Cử nhân CNTT,Khoa học máy tính,5.92,0,1,3,48,0,2,Not Placed
Cử nhân CNTT,Hệ thống thông tin,7.28,1,3,6,71,1,0,Placed
Sư phạm Tin học,Khoa học máy tính,8.05,0,2,7,84,0,0,Placed
Cử nhân CNTT,Công nghệ phần mềm,6.65,1,2,5,58,0,1,Not Placed
Cử nhân CNTT,Khoa học máy tính,7.94,2,3,8,81,1,0,Placed
Sư phạm Tin học,Hệ thống thông tin,6.48,0,2,4,52,1,2,Not Placed
Cử nhân CNTT,Công nghệ phần mềm,8.35,1,4,8,87,2,0,Placed
Cử nhân CNTT,Hệ thống thông tin,6.88,1,2,5,63,0,0,Placed
Sư phạm Tin học,Công nghệ phần mềm,7.62,1,3,7,76,1,0,Placed
Cử nhân CNTT,Khoa học máy tính,7.03,0,2,6,67,0,0,Placed
Cử nhân CNTT,Công nghệ phần mềm,5.54,0,1,2,40,0,4,Not Placed
Sư phạm Tin học,Khoa học máy tính,7.77,1,2,7,78,1,0,Placed
Cử nhân CNTT,Hệ thống thông tin,8.42,2,4,8,89,2,0,Placed
Cử nhân CNTT,Công nghệ phần mềm,7.31,1,3,6,73,1,0,Placed
Sư phạm Tin học,Hệ thống thông tin,6.21,0,1,4,51,0,2,Not Placed
Cử nhân CNTT,Khoa học máy tính,7.98,2,3,8,83,1,0,Placed
Cử nhân CNTT,Công nghệ phần mềm,6.79,1,2,5,61,0,1,Not Placed
Sư phạm Tin học,Công nghệ phần mềm,8.65,1,3,9,91,2,0,Placed
Cử nhân CNTT,Hệ thống thông tin,7.22,1,2,6,66,1,0,Placed
Cử nhân CNTT,Khoa học máy tính,6.08,0,2,4,54,0,1,Not Placed
Sư phạm Tin học,Hệ thống thông tin,7.49,1,3,7,75,1,0,Placed
Cử nhân CNTT,Công nghệ phần mềm,8.01,2,4,8,80,2,0,Placed
Cử nhân CNTT,Khoa học máy tính,7.61,1,3,7,77,1,0,Placed
Sư phạm Tin học,Công nghệ phần mềm,6.38,0,1,4,53,0,2,Not Placed
Cử nhân CNTT,Hệ thống thông tin,7.82,2,3,7,84,1,0,Placed
Cử nhân CNTT,Khoa học máy tính,6.91,1,2,5,64,1,0,Not Placed
Sư phạm Tin học,Khoa học máy tính,8.31,1,4,8,86,2,0,Placed
Cử nhân CNTT,Công nghệ phần mềm,7.14,1,2,6,71,1,0,Placed
Cử nhân CNTT,Hệ thống thông tin,5.72,0,1,3,46,0,3,Not Placed
Sư phạm Tin học,Hệ thống thông tin,7.58,1,3,6,73,0,0,Placed
Cử nhân CNTT,Khoa học máy tính,8.71,2,4,9,93,3,0,Placed
Cử nhân CNTT,Công nghệ phần mềm,6.82,0,2,5,59,1,1,Not Placed
Sư phạm Tin học,Công nghệ phần mềm,7.91,2,3,8,82,1,0,Placed
Cử nhân CNTT,Hệ thống thông tin,6.41,0,2,4,55,0,2,Not Placed
Cử nhân CNTT,Khoa học máy tính,7.74,1,3,7,76,2,0,Placed
Sư phạm Tin học,Khoa học máy tính,6.19,0,1,3,49,0,2,Not Placed
Cử nhân CNTT,Công nghệ phần mềm,8.19,2,4,8,85,2,0,Placed
Cử nhân CNTT,Hệ thống thông tin,7.02,1,2,6,65,1,0,Placed
Sư phạm Tin học,Hệ thống thông tin,7.66,1,3,7,79,1,0,Placed
Cử nhân CNTT,Khoa học máy tính,6.53,0,2,5,57,0,1,Not Placed
Cử nhân CNTT,Công nghệ phần mềm,5.61,0,1,2,42,0,3,Not Placed
Sư phạm Tin học,Khoa học máy tính,8.45,2,3,9,88,1,0,Placed
Cử nhân CNTT,Hệ thống thông tin,7.39,1,2,6,72,1,0,Placed
Cử nhân CNTT,Công nghệ phần mềm,6.99,1,2,6,68,1,0,Placed
Sư phạm Tin học,Công nghệ phần mềm,6.27,0,2,4,50,0,2,Not Placed
Cử nhân CNTT,Khoa học máy tính,7.81,2,3,7,81,2,0,Placed
Cử nhân CNTT,Hệ thống thông tin,6.71,0,1,5,59,0,1,Not Placed
Sư phạm Tin học,Hệ thống thông tin,8.09,1,3,8,83,1,0,Placed
Cử nhân CNTT,Khoa học máy tính,7.25,1,2,6,69,1,0,Placed
Cử nhân CNTT,Công nghệ phần mềm,5.88,0,1,3,47,0,2,Not Placed
Sư phạm Tin học,Khoa học máy tính,7.52,1,3,7,74,1,0,Placed
Cử nhân CNTT,Hệ thống thông tin,8.27,2,4,8,86,2,0,Placed
Cử nhân CNTT,Công nghệ phần mềm,7.44,1,3,6,73,1,0,Placed
Sư phạm Tin học,Hệ thống thông tin,6.43,0,1,4,54,0,1,Not Placed
Cử nhân CNTT,Khoa học máy tính,7.92,2,3,8,80,1,0,Placed
Cử nhân CNTT,Công nghệ phần mềm,6.84,1,2,5,62,0,1,Not Placed
Sư phạm Tin học,Công nghệ phần mềm,8.58,1,4,9,90,2,0,Placed
Cử nhân CNTT,Hệ thống thông tin,7.18,1,2,6,67,1,0,Placed
Cử nhân CNTT,Khoa học máy tính,6.12,0,2,4,52,0,1,Not Placed
Sư phạm Tin học,Hệ thống thông tin,7.51,1,3,7,77,1,0,Placed
Cử nhân CNTT,Công nghệ phần mềm,8.04,2,4,8,83,2,0,Placed
Cử nhân CNTT,Khoa học máy tính,7.59,1,3,7,76,1,0,Placed
Sư phạm Tin học,Công nghệ phần mềm,6.32,0,1,4,51,0,2,Not Placed
Cử nhân CNTT,Hệ thống thông tin,7.87,2,3,7,82,1,0,Placed
Cử nhân CNTT,Khoa học máy tính,6.94,1,2,5,65,1,0,Not Placed
Sư phạm Tin học,Khoa học máy tính,8.39,1,4,8,88,2,0,Placed
Cử nhân CNTT,Công nghệ phần mềm,7.11,1,2,6,70,1,0,Placed
Cử nhân CNTT,Hệ thống thông tin,5.65,0,1,3,44,0,3,Not Placed
Sư phạm Tin học,Hệ thống thông tin,7.54,1,3,6,72,0,0,Placed
Cử nhân CNTT,Khoa học máy tính,8.79,2,4,9,95,3,0,Placed
Cử nhân CNTT,Công nghệ phần mềm,6.78,0,2,5,57,1,1,Not Placed
Sư phạm Tin học,Công nghệ phần mềm,7.96,2,3,8,84,1,0,Placed
Cử nhân CNTT,Hệ thống thông tin,6.39,0,2,4,53,0,2,Not Placed
Cử nhân CNTT,Khoa học máy tính,7.71,1,3,7,75,2,0,Placed
Sư phạm Tin học,Khoa học máy tính,6.14,0,1,3,48,0,2,Not Placed
Cử nhân CNTT,Công nghệ phần mềm,8.15,2,4,8,83,2,0,Placed
Cử nhân CNTT,Hệ thống thông tin,7.06,1,2,6,66,1,0,Placed
Sư phạm Tin học,Hệ thống thông tin,7.69,1,3,7,81,1,0,Placed
Cử nhân CNTT,Khoa học máy tính,6.51,0,2,5,56,0,1,Not Placed
Cử nhân CNTT,Công nghệ phần mềm,5.58,0,1,2,41,0,3,Not Placed
Sư phạm Tin học,Khoa học máy tính,8.41,2,3,9,87,1,0,Placed
Cử nhân CNTT,Hệ thống thông tin,7.36,1,2,6,71,1,0,Placed
Cử nhân CNTT,Công nghệ phần mềm,6.96,1,2,6,67,1,0,Placed
Sư phạm Tin học,Công nghệ phần mềm,6.24,0,2,4,49,0,2,Not Placed
Cử nhân CNTT,Khoa học máy tính,7.78,2,3,7,79,2,0,Placed
Cử nhân CNTT,Hệ thống thông tin,6.68,0,1,5,58,0,1,Not Placed
Sư phạm Tin học,Hệ thống thông tin,8.04,1,3,8,82,1,0,Placed
Cử nhân CNTT,Khoa học máy tính,7.21,1,2,6,68,1,0,Placed
Cử nhân CNTT,Công nghệ phần mềm,5.84,0,1,3,46,0,2,Not Placed
Sư phạm Tin học,Khoa học máy tính,7.48,1,3,7,73,1,0,Placed
Cử nhân CNTT,Hệ thống thông tin,8.22,2,4,8,85,2,0,Placed
Cử nhân CNTT,Công nghệ phần mềm,7.41,1,3,6,72,1,0,Placed
Sư phạm Tin học,Hệ thống thông tin,6.39,0,1,4,53,0,1,Not Placed
Cử nhân CNTT,Khoa học máy tính,7.88,2,3,8,79,1,0,Placed
Cử nhân CNTT,Công nghệ phần mềm,6.81,1,2,5,61,0,1,Not Placed
Sư phạm Tin học,Công nghệ phần mềm,8.54,1,4,9,89,2,0,Placed
Cử nhân CNTT,Hệ thống thông tin,7.14,1,2,6,66,1,0,Placed
Cử nhân CNTT,Khoa học máy tính,6.09,0,2,4,51,0,1,Not Placed
Sư phạm Tin học,Hệ thống thông tin,7.46,1,3,7,76,1,0,Placed
Cử nhân CNTT,Công nghệ phần mềm,8.02,2,4,8,81,2,0,Placed
Cử nhân CNTT,Khoa học máy tính,7.55,1,3,7,75,1,0,Placed
Sư phạm Tin học,Công nghệ phần mềm,6.29,0,1,4,50,0,2,Not Placed
Cử nhân CNTT,Hệ thống thông tin,7.84,2,3,7,81,1,0,Placed
Cử nhân CNTT,Khoa học máy tính,6.91,1,2,5,64,1,0,Not Placed
Sư phạm Tin học,Khoa học máy tính,8.34,1,4,8,87,2,0,Placed
Cử nhân CNTT,Công nghệ phần mềm,7.09,1,2,6,69,1,0,Placed
Cử nhân CNTT,Hệ thống thông tin,5.62,0,1,3,43,0,3,Not Placed
Sư phạm Tin học,Hệ thống thông tin,7.51,1,3,6,71,0,0,Placed
Cử nhân CNTT,Khoa học máy tính,8.74,2,4,9,94,3,0,Placed
Cử nhân CNTT,Công nghệ phần mềm,6.75,0,2,5,56,1,1,Not Placed
Sư phạm Tin học,Công nghệ phần mềm,7.92,2,3,8,83,1,0,Placed
Cử nhân CNTT,Hệ thống thông tin,6.35,0,2,4,52,0,2,Not Placed
Cử nhân CNTT,Khoa học máy tính,7.68,1,3,7,74,2,0,Placed
Sư phạm Tin học,Khoa học máy tính,6.11,0,1,3,47,0,2,Not Placed
Cử nhân CNTT,Công nghệ phần mềm,8.12,2,4,8,82,2,0,Placed
Cử nhân CNTT,Hệ thống thông tin,7.02,1,2,6,65,1,0,Placed
Sư phạm Tin học,Hệ thống thông tin,7.65,1,3,7,80,1,0,Placed
Cử nhân CNTT,Khoa học máy tính,6.48,0,2,5,55,0,1,Not Placed
Cử nhân CNTT,Công nghệ phần mềm,5.55,0,1,2,40,0,3,Not Placed
Sư phạm Tin học,Khoa học máy tính,8.38,2,3,9,86,1,0,Placed
Cử nhân CNTT,Hệ thống thông tin,7.32,1,2,6,70,1,0,Placed
Cử nhân CNTT,Công nghệ phần mềm,6.92,1,2,6,66,1,0,Placed
Sư phạm Tin học,Công nghệ phần mềm,6.21,0,2,4,48,0,2,Not Placed
Cử nhân CNTT,Khoa học máy tính,7.74,2,3,7,78,2,0,Placed
Cử nhân CNTT,Hệ thống thông tin,6.65,0,1,5,57,0,1,Not Placed
Sư phạm Tin học,Hệ thống thông tin,8.01,1,3,8,81,1,0,Placed
Cử nhân CNTT,Khoa học máy tính,7.18,1,2,6,67,1,0,Placed
Cử nhân CNTT,Công nghệ phần mềm,5.81,0,1,3,45,0,2,Not Placed
Sư phạm Tin học,Khoa học máy tính,7.45,1,3,7,72,1,0,Placed
Cử nhân CNTT,Hệ thống thông tin,8.19,2,4,8,84,2,0,Placed
Cử nhân CNTT,Công nghệ phần mềm,7.38,1,3,6,71,1,0,Placed
Sư phạm Tin học,Hệ thống thông tin,6.35,0,1,4,52,0,1,Not Placed
Cử nhân CNTT,Khoa học máy tính,7.85,2,3,8,78,1,0,Placed
Cử nhân CNTT,Công nghệ phần mềm,6.78,1,2,5,60,0,1,Not Placed
Sư phạm Tin học,Công nghệ phần mềm,8.51,1,4,9,88,2,0,Placed
Cử nhân CNTT,Hệ thống thông tin,7.11,1,2,6,65,1,0,Placed
Cử nhân CNTT,Khoa học máy tính,6.05,0,2,4,50,0,1,Not Placed
Sư phạm Tin học,Hệ thống thông tin,7.42,1,3,7,75,1,0,Placed
Cử nhân CNTT,Công nghệ phần mềm,7.99,2,4,8,80,2,0,Placed
Cử nhân CNTT,Khoa học máy tính,7.52,1,3,7,74,1,0,Placed
Sư phạm Tin học,Công nghệ phần mềm,6.25,0,1,4,49,0,2,Not Placed
Cử nhân CNTT,Hệ thống thông tin,7.81,2,3,7,80,1,0,Placed
Cử nhân CNTT,Khoa học máy tính,6.88,1,2,5,63,1,0,Not Placed
Sư phạm Tin học,Khoa học máy tính,8.31,1,4,8,86,2,0,Placed
Cử nhân CNTT,Công nghệ phần mềm,7.05,1,2,6,68,1,0,Placed
Cử nhân CNTT,Hệ thống thông tin,5.58,0,1,3,42,0,3,Not Placed
Sư phạm Tin học,Hệ thống thông tin,7.48,1,3,6,70,0,0,Placed
Cử nhân CNTT,Khoa học máy tính,8.71,2,4,9,93,3,0,Placed
Cử nhân CNTT,Công nghệ phần mềm,6.71,0,2,5,55,1,1,Not Placed
